,date,ticker,name,action,cik
2,"Sep 20, 2021",BRO,Brown & Brown,added,
1,"Sep 20, 2021",CDAY,Ceridian,added,
0,"Sep 20, 2021",MTCH,Match Group,added,
2,"Sep 20, 2021",NOV,Nov,removed,
0,"Sep 20, 2021",PRGO,Perrigo,removed,
1,"Sep 20, 2021",UNM,Unum,removed,
3,"Aug 30, 2021",MXIM,Maxim Integrated,removed,
3,"Aug 30, 2021",TECH,Bio-Techne,added,
4,"Jul 21, 2021",ALXN,Alexion Pharmaceuticals,removed,
4,"Jul 21, 2021",MRNA,Moderna,added,
5,"Jun 4, 2021",HFC,HollyFrontier,removed,
6,"Jun 3, 2021",OGN,Organon & Co.,added,
7,"May 14, 2021",CRL,Charles River Laboratories,added,
7,"May 14, 2021",FLIR,FLIR Systems,removed,
8,"Apr 20, 2021",PTC,PTC,added,
8,"Apr 20, 2021",VAR,Varian Medical Systems,removed,
12,"Mar 22, 2021",CZR,Caesars Entertainment,added,
9,"Mar 22, 2021",FLS,Flowserve,removed,
11,"Mar 22, 2021",GNRC,Generac Holdings,added,
9,"Mar 22, 2021",NXPI,NXP,added,
10,"Mar 22, 2021",PENN,Penn National Gaming,added,
10,"Mar 22, 2021",SLG,SL Green Realty,removed,
12,"Mar 22, 2021",VNT,Vontier,removed,
11,"Mar 22, 2021",XRX,Xerox,removed,
13,"Feb 12, 2021",FTI,TechnipFMC,removed,
13,"Feb 12, 2021",MPWR,Monolithic Power Systems,added,
14,"Jan 21, 2021",CXO,Concho Resources,removed,
14,"Jan 21, 2021",TRMB,Trimble,added,
15,"Jan 7, 2021",ENPH,Enphase Energy,added,
15,"Jan 7, 2021",TIF,Tiffany & Co,removed,
16,"Dec 21, 2020",AIV,Apartment Investment & Management,removed,
16,"Dec 21, 2020",TSLA,Tesla,added,
17,"Oct 12, 2020",NBL,Noble Energy,removed,
18,"Oct 9, 2020",VNT,Vontier,added,
19,"Oct 7, 2020",ETFC,E-Trade,removed,
19,"Oct 7, 2020",POOL,Pool Corporation,added,
21,"Sep 21, 2020",COTY,Coty,removed,
22,"Sep 21, 2020",CTLT,Catalent,added,
20,"Sep 21, 2020",ETSY,Etsy,added,
20,"Sep 21, 2020",HRB,H&R Block,removed,
22,"Sep 21, 2020",KSS,Kohl's,removed,
21,"Sep 21, 2020",TER,Teradyne,added,
23,"Jun 22, 2020",ADS,Alliance Data Systems,removed,
23,"Jun 22, 2020",BIO,Bio-Rad Laboratories,added,
24,"Jun 22, 2020",HOG,Harley-Davidson,removed,
25,"Jun 22, 2020",JWN,Nordstrom,removed,
24,"Jun 22, 2020",TDY,Teledyne Technologies,added,
25,"Jun 22, 2020",TYL,Tyler Technologies,added,
26,"May 22, 2020",HP,Helmerich & Payne,removed,
26,"May 22, 2020",WST,West Pharmaceutical Services,added,
28,"May 12, 2020",AGN,Allergan,removed,
27,"May 12, 2020",CPRI,Capri Holdings,removed,
27,"May 12, 2020",DPZ,Domino's Pizza,added,
28,"May 12, 2020",DXCM,Dexcom,added,
29,"Apr 6, 2020",M,Macy's,removed,
30,"Apr 6, 2020",RTN,Raytheon Company,removed,
32,"Apr 3, 2020",CARR,Carrier Global,added,
31,"Apr 3, 2020",OTIS,Otis Worldwide,added,
33,"Apr 1, 2020",ARNC,Arconic,removed,
33,"Apr 1, 2020",HWM,Howmet Aerospace,added,
34,"Mar 2, 2020",IR,Ingersoll Rand,added,
34,"Mar 2, 2020",XEC,Cimarex Energy,removed,
35,"Jan 28, 2020",PAYC,Paycom,added,
35,"Jan 28, 2020",WCG,WellCare,removed,
36,"Dec 23, 2019",AMG,Affiliated Managers Group,removed,
36,"Dec 23, 2019",LYV,Live Nation Entertainment,added,
38,"Dec 23, 2019",MAC,Macerich,removed,
38,"Dec 23, 2019",STE,Steris,added,
37,"Dec 23, 2019",TRIP,TripAdvisor,removed,
37,"Dec 23, 2019",ZBRA,Zebra Technologies,added,
39,"Dec 9, 2019",ODFL,Old Dominion Freight Line,added,
39,"Dec 9, 2019",STI,SunTrust Banks,removed,
40,"Dec 5, 2019",VIAB,Viacom,removed,
40,"Dec 5, 2019",WRB,W. R. Berkley Corporation,added,
41,"Nov 21, 2019",CELG,Celgene,removed,
41,"Nov 21, 2019",NOW,ServiceNow,added,
42,"Oct 3, 2019",LVS,Las Vegas Sands,added,
42,"Oct 3, 2019",NKTR,Nektar Therapeutics,removed,
43,"Sep 26, 2019",JEF,Jefferies Financial Group,removed,
43,"Sep 26, 2019",NVR,NVR,added,
44,"Sep 23, 2019",CDW,CDW,added,
44,"Sep 23, 2019",TSS,TSYS,removed,
45,"Aug 9, 2019",APC,Anadarko Petroleum,removed,
46,"Aug 9, 2019",FL,Foot Locker,removed,
46,"Aug 9, 2019",IEX,IDEX Corporation,added,
45,"Aug 9, 2019",LDOS,Leidos,added,
47,"Jul 15, 2019",RHT,Red Hat,removed,
47,"Jul 15, 2019",TMUS,T-Mobile US,added,
48,"Jul 1, 2019",LLL,L3 Technologies,removed,
48,"Jul 1, 2019",MKTX,MarketAxess,added,
49,"Jun 7, 2019",AMCR,Amcor,added,
49,"Jun 7, 2019",MAT,Mattel,removed,
51,"Jun 3, 2019",CTVA,Corteva,added,
50,"Jun 3, 2019",DD,DuPont,added,
50,"Jun 3, 2019",DWDP,DuPont,removed,
51,"Jun 3, 2019",FLR,Fluor Corporation,removed,
52,"Apr 2, 2019",BHF,Brighthouse Financial,removed,
52,"Apr 2, 2019",DOW,Dow,added,
53,"Feb 27, 2019",GT,The Goodyear Tire & Rubber Company,removed,
53,"Feb 27, 2019",WAB,Wabtec,added,
54,"Feb 15, 2019",ATO,Atmos Energy,added,
54,"Feb 15, 2019",NFX,Newfield Exploration,removed,
55,"Jan 18, 2019",PCG,Pacific Gas & Electric Company,removed,
55,"Jan 18, 2019",TFX,Teleflex,added,
56,"Jan 2, 2019",FRC,First Republic Bank,added,
56,"Jan 2, 2019",SCG,SCANA,removed,
57,"Dec 24, 2018",CE,Celanese,added,
57,"Dec 24, 2018",ESRX,Express Scripts,removed,
59,"Dec 3, 2018",AET,Aetna,removed,
58,"Dec 3, 2018",COL,Rockwell Collins,removed,
60,"Dec 3, 2018",FANG,Diamondback Energy,added,
58,"Dec 3, 2018",LW,Lamb Weston,added,
59,"Dec 3, 2018",MXIM,Maxim Integrated,added,
60,"Dec 3, 2018",SRCL,Stericycle,removed,
61,"Nov 13, 2018",EQT,EQT,removed,
61,"Nov 13, 2018",JKHY,Jack Henry & Associates,added,
62,"Nov 6, 2018",CA,CA Technologies,removed,
62,"Nov 6, 2018",KEYS,Keysight Technologies,added,
63,"Oct 11, 2018",EVHC,Envision Healthcare,removed,
63,"Oct 11, 2018",FTNT,Fortinet,added,
64,"Oct 1, 2018",ANDV,Andeavor,removed,
64,"Oct 1, 2018",ROL,Rollins,added,
65,"Sep 14, 2018",WCG,WellCare,added,
65,"Sep 14, 2018",XL,XL Group,removed,
66,"Aug 28, 2018",ANET,Arista Networks,added,
66,"Aug 28, 2018",GGP,GGP,removed,
67,"Jul 2, 2018",CPRT,Copart,added,
67,"Jul 2, 2018",DPS,Dr Pepper Snapple Group,removed,
68,"Jun 20, 2018",FLT,FleetCor Technologies,added,
68,"Jun 20, 2018",TWX,Time Warner,removed,
70,"Jun 18, 2018",AYI,Acuity Brands,removed,
69,"Jun 18, 2018",BR,Broadridge Financial Solutions,added,
70,"Jun 18, 2018",HFC,HollyFrontier,added,
69,"Jun 18, 2018",RRC,Range Resources,removed,
71,"Jun 7, 2018",MON,Monsanto,removed,
71,"Jun 7, 2018",TWTR,Twitter,added,
72,"Jun 5, 2018",EVRG,Evergy,added,
72,"Jun 5, 2018",NAVI,Navient,removed,
73,"May 31, 2018",ABMD,Abiomed,added,
73,"May 31, 2018",WYN,Wyndham Worldwide,removed,
74,"Apr 4, 2018",CSRA,CSRA,removed,
74,"Apr 4, 2018",MSCI,MSCI,added,
77,"Mar 19, 2018",CHK,Chesapeake Energy,removed,
77,"Mar 19, 2018",NKTR,Nektar Therapeutics,added,
76,"Mar 19, 2018",PDCO,Patterson Companies,removed,
75,"Mar 19, 2018",SIG,Signet Jewelers,removed,
76,"Mar 19, 2018",SIVB,SVB Financial,added,
75,"Mar 19, 2018",TTWO,Take-Two Interactive,added,
78,"Mar 7, 2018",IPGP,IPG Photonics,added,
78,"Mar 7, 2018",SNI,Scripps Networks Interactive,removed,
79,"Jan 3, 2018",BCR,CR Bard,removed,
79,"Jan 3, 2018",HII,Huntington Ingalls Industries,added,
80,"Oct 13, 2017",LVLT,Level 3 Communications,removed,
80,"Oct 13, 2017",NCLH,Norwegian Cruise Line Holdings,added,
81,"Sep 18, 2017",CDNS,Cadence Design Systems,added,
81,"Sep 18, 2017",SPLS,Staples,removed,
83,"Sep 1, 2017",DD,DuPont,removed,
82,"Sep 1, 2017",DOW,Dow Chemical Company,removed,
82,"Sep 1, 2017",DWDP,DuPont,added,
83,"Sep 1, 2017",SBAC,SBA Communications,added,
84,"Aug 29, 2017",Q,QuintilesIMS,added,
84,"Aug 29, 2017",WFM,Whole Foods Market,removed,
260,"Aug 29, 2017",IQV,IQVIA,added,1478242
85,"Aug 8, 2017",AN,AutoNation,removed,
85,"Aug 8, 2017",BHF,Brighthouse Financial,added,
87,"Jul 26, 2017",AOS,A. O. Smith,added,
87,"Jul 26, 2017",BBBY,Bed Bath & Beyond,removed,
86,"Jul 26, 2017",DRE,Duke Realty Corp,added,
90,"Jul 26, 2017",MGM,MGM Resorts International,added,
89,"Jul 26, 2017",MNK,Mallinckrodt,removed,
88,"Jul 26, 2017",MUR,Murphy Oil,removed,
88,"Jul 26, 2017",PKG,Packaging Corporation of America,added,
90,"Jul 26, 2017",RAI,Reynolds American,removed,
86,"Jul 26, 2017",RIG,Transocean,removed,
89,"Jul 26, 2017",RMD,ResMed,added,
58,"Jul 7, 2017",BKR,Baker Hughes,added,1701605
92,"Jun 19, 2017",ALGN,Align Technology,added,
93,"Jun 19, 2017",ANSS,Ansys,added,
91,"Jun 19, 2017",HLT,Hilton Worldwide,added,
94,"Jun 19, 2017",MJN,Mead Johnson,removed,
93,"Jun 19, 2017",R,Ryder System,removed,
94,"Jun 19, 2017",RE,Everest Re,added,
92,"Jun 19, 2017",TDC,Teradata,removed,
91,"Jun 19, 2017",YHOO,Yahoo!,removed,
95,"Jun 2, 2017",INFO,IHS Markit,added,
95,"Jun 2, 2017",TGNA,Tegna,removed,
96,"Apr 5, 2017",DNB,Dun & Bradstreet,removed,
96,"Apr 5, 2017",IT,Gartner,added,
97,"Apr 4, 2017",DXC,DXC Technology,added,
97,"Apr 4, 2017",SWN,Southwestern Energy,removed,
98,"Mar 20, 2017",AMD,Advanced Micro Devices,added,
100,"Mar 20, 2017",ARE,Alexandria Real Estate Equities,added,
100,"Mar 20, 2017",FSLR,First Solar,removed,
99,"Mar 20, 2017",FTR,Frontier Communications,removed,
99,"Mar 20, 2017",RJF,Raymond James Financial,added,
98,"Mar 20, 2017",URBN,Urban Outfitters,removed,
101,"Mar 16, 2017",HAR,Harman International,removed,
101,"Mar 16, 2017",SNPS,Synopsys,added,
102,"Mar 13, 2017",DISH,Dish Network,added,
102,"Mar 13, 2017",LLTC,Linear Technology,removed,
103,"Mar 2, 2017",ENDP,Endo International,removed,
103,"Mar 2, 2017",REG,Regency Centers,added,
104,"Mar 1, 2017",CBOE,Cboe Holdings,added,
104,"Mar 1, 2017",PBI,Pitney Bowes,removed,
105,"Feb 28, 2017",INCY,Incyte,added,
105,"Feb 28, 2017",SE,Spectra Energy,removed,
106,"Jan 5, 2017",IDXX,Idexx Laboratories,added,
106,"Jan 5, 2017",STJ,St Jude Medical,removed,
108,"Dec 2, 2016",EVHC,Envision Healthcare,added,
108,"Dec 2, 2016",LM,Legg Mason,removed,
107,"Dec 2, 2016",MAA,Mid-America Apartments,added,
107,"Dec 2, 2016",OI,Owens-Illinois,removed,
109,"Nov 1, 2016",AA,Alcoa Inc,removed,
109,"Nov 1, 2016",ARNC,Arconic Inc,added,
110,"Sep 30, 2016",COTY,Coty,added,
110,"Sep 30, 2016",DO,Diamond Offshore Drilling,removed,
111,"Sep 22, 2016",COO,The Cooper Companies,added,
111,"Sep 22, 2016",HOT,Starwood,removed,
112,"Sep 8, 2016",CHTR,Charter Communications,added,
112,"Sep 8, 2016",EMC,EMC Corporation,removed,
113,"Sep 6, 2016",MTD,Mettler Toledo,added,
113,"Sep 6, 2016",TYC,Tyco International,removed,
114,"Jul 5, 2016",CPGX,Columbia Pipeline Group,removed,
114,"Jul 5, 2016",FTV,Fortive Corp,added,
116,"Jul 1, 2016",ALB,Albemarle Corporation,added,
115,"Jul 1, 2016",GAS,AGL Resources,removed,
115,"Jul 1, 2016",LNT,Alliant Energy Corp,added,
116,"Jul 1, 2016",TE,TECO Energy,removed,
117,"Jun 22, 2016",CVC,Cablevision Systems,removed,
117,"Jun 22, 2016",FBHS,Fortune Brands Home & Security,added,
118,"Jun 3, 2016",BXLT,Baxalta,removed,
118,"Jun 3, 2016",TDG,TransDigm Group,added,
119,"May 31, 2016",AJG,Arthur J. Gallagher & Co.,added,
119,"May 31, 2016",CCE,Coca-Cola Enterprises,removed,
120,"May 23, 2016",ARG,Airgas,removed,
120,"May 23, 2016",LKQ,LKQ Corporation,added,
121,"May 18, 2016",DLR,Digital Realty Trust,added,
121,"May 18, 2016",TWC,Time Warner Cable,removed,
122,"May 13, 2016",ALK,Alaska Air Group,added,
122,"May 13, 2016",SNDK,SanDisk,removed,
123,"May 3, 2016",ADT,ADT,removed,
123,"May 3, 2016",AYI,Acuity Brands,added,
124,"Apr 25, 2016",GME,GameStop,removed,
124,"Apr 25, 2016",GPN,Global Payments,added,
125,"Apr 18, 2016",THC,Tenet Healthcare,removed,
125,"Apr 18, 2016",ULTA,Ulta Beauty,added,
126,"Apr 8, 2016",UA,Under Armour (Class C),added,
127,"Apr 4, 2016",CAM,Cameron International,removed,
127,"Apr 4, 2016",FL,Foot Locker,added,
129,"Mar 30, 2016",CNC,Centene Corporation,added,
129,"Mar 30, 2016",ESV,Ensco plc (now Valaris),removed,
128,"Mar 30, 2016",HOLX,Hologic,added,
128,"Mar 30, 2016",POM,Pepco Holdings,removed,
130,"Mar 7, 2016",GMCR,Keurig Green Mountain,removed,
130,"Mar 7, 2016",UDR,UDR,added,
131,"Mar 4, 2016",AWK,American Water Works,added,
131,"Mar 4, 2016",CNX,Consol Energy,removed,
132,"Feb 22, 2016",CXO,Concho Resources,added,
132,"Feb 22, 2016",PCL,Plum Creek Timber,removed,
134,"Feb 1, 2016",BRCM,Broadcom Corporation,removed,
133,"Feb 1, 2016",CFG,Citizens Financial Group,added,
134,"Feb 1, 2016",FRT,Federal Realty Investment Trust,added,
133,"Feb 1, 2016",PCP,Precision Castparts Corporation,removed,
135,"Jan 19, 2016",ACE,Chubb,removed,
135,"Jan 19, 2016",EXR,Extra Space Storage,added,
136,"Jan 5, 2016",FOSL,Fossil Group,removed,
136,"Jan 5, 2016",WLTW,Willis Towers Watson,added,
137,"Dec 29, 2015",ALTR,Altera,removed,
137,"Dec 29, 2015",CHD,Church & Dwight,added,
138,"Dec 15, 2015",CMCSK,Comcast K Corp,removed,
139,"Dec 1, 2015",CSC,Computer Sciences Corporation,removed,
139,"Dec 1, 2015",CSRA,CSRA,added,
140,"Nov 19, 2015",ILMN,Illumina,added,
140,"Nov 19, 2015",SIAL,Sigma-Aldrich,removed,
141,"Nov 18, 2015",GNW,Genworth Financial,removed,
141,"Nov 18, 2015",SYF,Synchrony Financial,added,
142,"Nov 2, 2015",HCBK,Hudson City Bancorp,removed,
142,"Nov 2, 2015",HPE,Hewlett Packard Enterprise,added,
143,"Oct 7, 2015",JOY,Joy Global,removed,
143,"Oct 7, 2015",VRSK,Verisk Analytics,added,
144,"Sep 18, 2015",CMCSK,Comcast Class K Special,added,
145,"Sep 18, 2015",FOX,Twenty-First Century Fox Class B,added,
146,"Sep 18, 2015",NWS,News Corporation Class B,added,
147,"Sep 2, 2015",HSP,Hospira,removed,
147,"Sep 2, 2015",UAL,United Continental Holdings,added,
148,"Aug 28, 2015",ATVI,Activision Blizzard,added,
148,"Aug 28, 2015",PLL,Pall Corporation,removed,
149,"Jul 29, 2015",DTV,DirecTV,removed,
149,"Jul 29, 2015",SIG,Signet Jewelers,added,
150,"Jul 20, 2015",NE,Noble Corporation,removed,
150,"Jul 20, 2015",PYPL,PayPal,added,
151,"Jul 8, 2015",AAP,Advance Auto Parts,added,
151,"Jul 8, 2015",FDO,Family Dollar,removed,
152,"Jul 6, 2015",KHC,Kraft Heinz,added,
152,"Jul 6, 2015",KRFT,Kraft Foods,removed,
153,"Jul 2, 2015",ATI,Allegheny Technologies,removed,
153,"Jul 2, 2015",CPGX,Columbia Pipeline Group,added,
155,"Jul 1, 2015",BXLT,Baxalta,added,
154,"Jul 1, 2015",JBHT,JB Hunt,added,
155,"Jul 1, 2015",QEP,QEP Resources,removed,
154,"Jul 1, 2015",TEG,Integrys Energy Group,removed,
156,"Jun 11, 2015",LO,Lorillard Tobacco Company,removed,
156,"Jun 11, 2015",QRVO,Qorvo,added,
157,"Apr 7, 2015",O,Realty Income Corporation,added,
157,"Apr 7, 2015",WIN,Windstream Communications,removed,
158,"Mar 23, 2015",AAL,American Airlines Group,added,
158,"Mar 23, 2015",AGN,Allergan,removed,
161,"Mar 23, 2015",AVP,Avon Products,removed,
159,"Mar 23, 2015",DNR,Denbury Resources,removed,
159,"Mar 23, 2015",EQIX,Equinix,added,
161,"Mar 23, 2015",HBI,Hanesbrands,added,
160,"Mar 23, 2015",NBR,Nabors Industries,removed,
160,"Mar 23, 2015",SLG,SL Green Realty,added,
162,"Mar 18, 2015",CFN,Carefusion,removed,
162,"Mar 18, 2015",HSIC,Henry Schein,added,
163,"Mar 12, 2015",PETM,PetSmart,removed,
163,"Mar 12, 2015",SWKS,Skyworks Solutions,added,
165,"Jan 27, 2015",COV,Covidien,removed,
165,"Jan 27, 2015",ENDP,Endo International,added,
164,"Jan 27, 2015",HCA,HCA Holdings,added,
164,"Jan 27, 2015",SWY,Safeway,removed,
166,"Dec 5, 2014",BMS,Bemis Company,removed,
166,"Dec 5, 2014",RCL,Royal Caribbean Cruises,added,
167,"Nov 5, 2014",JBL,Jabil Circuit,removed,
167,"Nov 5, 2014",LVLT,Level 3 Communications,added,
168,"Sep 20, 2014",BTU,Peabody Energy,removed,
169,"Sep 20, 2014",GHC,Graham Holdings,removed,
169,"Sep 20, 2014",UHS,Universal Health Services,added,
168,"Sep 20, 2014",URI,United Rentals,added,
170,"Aug 18, 2014",MNK,Mallinckrodt,added,
170,"Aug 18, 2014",RDC,Rowan Companies,removed,
171,"Aug 6, 2014",DISCK,Discovery Communications,added,
172,"Jul 2, 2014",MLM,Martin Marietta Materials,added,
172,"Jul 2, 2014",X,United States Steel,removed,
173,"Jul 1, 2014",AMG,Affiliated Managers Group,added,
173,"Jul 1, 2014",FRX,Forest Laboratories,removed,
174,"Jun 20, 2014",IGT,International Game Technology,removed,
174,"Jun 20, 2014",XEC,Cimarex Energy,added,
175,"May 8, 2014",AVGO,Avago Technologies,added,
175,"May 8, 2014",LSI,LSI Corporation,removed,
176,"May 1, 2014",BEAM,Beam Inc,removed,
177,"May 1, 2014",NAVI,Navient,added,
177,"May 1, 2014",SLM,SLM Corporation,removed,
176,"May 1, 2014",UAA,Under Armour (Class A),added,
178,"Apr 3, 2014",GOOGL,Google,added,
179,"Apr 2, 2014",CLF,Cliffs Natural Resources,removed,
179,"Apr 2, 2014",ESS,Essex Property Trust,added,
180,"Mar 21, 2014",GMCR,Keurig Green Mountain,added,
180,"Mar 21, 2014",WPX,WPX Energy,removed,
181,"Jan 24, 2014",LIFE,Life Technologies,removed,
181,"Jan 24, 2014",TSCO,Tractor Supply Company,added,
182,"Dec 23, 2013",ADS,Alliance Data Systems,added,
182,"Dec 23, 2013",ANF,Abercrombie & Fitch,removed,
184,"Dec 23, 2013",FB,Facebook,added,
183,"Dec 23, 2013",JDSU,JDS Uniphase,removed,
183,"Dec 23, 2013",MHK,Mohawk Industries,added,
184,"Dec 23, 2013",TER,Teradyne,removed,
185,"Dec 10, 2013",GGP,General Growth Properties,added,
185,"Dec 10, 2013",MOLX,Molex,removed,
186,"Dec 2, 2013",ALLE,Allegion,added,
186,"Dec 2, 2013",JCP,JCPenney,removed,
187,"Nov 13, 2013",KORS,Michael Kors,added,
187,"Nov 13, 2013",NYX,NYSE Euronext,removed,
188,"Oct 29, 2013",DELL,Dell,removed,
188,"Oct 29, 2013",RIG,Transocean,added,
189,"Sep 20, 2013",AMD,Advanced Micro Devices,removed,
190,"Sep 20, 2013",AME,Ametek,added,
190,"Sep 20, 2013",SAI,SAIC,removed,
189,"Sep 20, 2013",VRTX,Vertex Pharmaceuticals,added,
191,"Sep 10, 2013",BMC,BMC Software,removed,
191,"Sep 10, 2013",DAL,Delta Air Lines,added,
336,"Aug 1, 2013",NWSA,News Corp (Class A),added,1564708
192,"Jul 8, 2013",NLSN,Nielsen Holdings,added,
192,"Jul 8, 2013",S,Sprint Nextel,removed,
193,"Jun 28, 2013",APOL,Apollo Education Group,removed,
193,"Jun 28, 2013",FOXA,21st Century Fox,added,
194,"Jun 21, 2013",FHN,First Horizon,removed,
194,"Jun 21, 2013",ZTS,Zoetis,added,
195,"Jun 6, 2013",GM,General Motors,added,
195,"Jun 6, 2013",HNZ,Heinz,removed,
196,"May 23, 2013",DF,Dean Foods,removed,
196,"May 23, 2013",KSU,Kansas City Southern,added,
197,"May 8, 2013",CVH,Coventry Health Care,removed,
197,"May 8, 2013",MAC,Macerich,added,
198,"Apr 30, 2013",PCS,MetroPCS,removed,
198,"Apr 30, 2013",REGN,Regeneron Pharmaceuticals,added,
199,"Feb 15, 2013",BIG,Big Lots,removed,
199,"Feb 15, 2013",PVH,PVH,added,
200,"Dec 31, 2012",ABBV,AbbVie,added,
200,"Dec 31, 2012",FII,Federated Investors,removed,
46,"Dec 24, 2012",APTV,Aptiv,added,1521332
201,"Dec 21, 2012",DLPH,Delphi Automotive,added,
201,"Dec 21, 2012",TIE,Titanium Metals,removed,
202,"Dec 11, 2012",GRMN,Garmin,added,
202,"Dec 11, 2012",RRD,RR Donnelley,removed,
203,"Dec 3, 2012",CBE,Cooper Industries,removed,
203,"Dec 3, 2012",DG,Dollar General,added,
204,"Oct 10, 2012",PETM,PetSmart,added,
204,"Oct 10, 2012",SUN,Sunoco,removed,
205,"Oct 2, 2012",ANR,Alpha Natural Resources,removed,
205,"Oct 2, 2012",KRFT,Kraft Foods,added,
323,"Oct 2, 2012",MDLZ,Mondelez International,added,1103982
206,"Oct 1, 2012",ADT,ADT,added,
207,"Oct 1, 2012",DV,DeVry,removed,
206,"Oct 1, 2012",LXK,Lexmark,removed,
207,"Oct 1, 2012",PNR,Pentair,added,
208,"Sep 5, 2012",LYB,LyondellBasell,added,
208,"Sep 5, 2012",SHLD,Sears Holdings,removed,
209,"Jul 31, 2012",ESV,Ensco plc (now Valaris,added,
209,"Jul 31, 2012",GR,Goodrich Corporation,removed,
210,"Jul 2, 2012",PGN,Progress Energy,removed,
210,"Jul 2, 2012",STX,Seagate Technology,added,
211,"Jun 29, 2012",MNST,Monster Beverage,added,
211,"Jun 29, 2012",SLE,Sara Lee Corporation,removed,
212,"Jun 5, 2012",LRCX,Lam Research,added,
212,"Jun 5, 2012",NVLS,Novellus Systems,removed,
213,"May 21, 2012",ALXN,Alexion Pharmaceuticals,added,
213,"May 21, 2012",MMI,Motorola Mobility,removed,
214,"May 17, 2012",EP,El Paso Corporation,removed,
214,"May 17, 2012",KMI,Kinder Morgan,added,
215,"Apr 23, 2012",PSX,Phillips 66,added,
215,"Apr 23, 2012",SVU,Supervalu,removed,
216,"Apr 3, 2012",FOSL,Fossil,added,
216,"Apr 3, 2012",MHS,Medco Health Solutions,removed,
217,"Mar 13, 2012",CCI,Crown Castle,added,
217,"Mar 13, 2012",CEG,Constellation Energy Group,removed,
218,"Dec 31, 2011",CPWR,Compuware,removed,
218,"Dec 31, 2011",WPX,WPX Energy,added,
219,"Dec 20, 2011",TLAB,Tellabs,removed,
219,"Dec 20, 2011",TRIP,TripAdvisor,added,
220,"Dec 16, 2011",AKS,AK Steel,removed,
220,"Dec 16, 2011",BWA,BorgWarner,added,
222,"Dec 16, 2011",DLTR,Dollar Tree,added,
221,"Dec 16, 2011",MWW,Monster Worldwide,removed,
221,"Dec 16, 2011",PRGO,Perrigo,added,
222,"Dec 16, 2011",WFR,MEMC Electronic Materials,removed,
223,"Dec 12, 2011",GAS,AGL Resources.,added,
223,"Dec 12, 2011",GAS,Nicor Gas,removed,
224,"Nov 18, 2011",CBE,Cooper Industries,added,
224,"Nov 18, 2011",JNS,Janus Capital Group,removed,
225,"Oct 31, 2011",ITT,ITT,removed,
225,"Oct 31, 2011",XYL,Xylem,added,
226,"Oct 14, 2011",CEPH,Cephalon,removed,
226,"Oct 14, 2011",TEL,TE Connectivity,added,
227,"Sep 23, 2011",MOS,The Mosaic Company,added,
227,"Sep 23, 2011",NSM,National Semiconductor,removed,
228,"Jul 5, 2011",ACN,Accenture,added,
228,"Jul 5, 2011",MI,Marshall & Ilsley,removed,
229,"Jun 30, 2011",MPC,Marathon Oil,added,
229,"Jun 30, 2011",RSH,RadioShack,removed,
230,"Jun 1, 2011",ANR,Alpha Natural Resources,added,
230,"Jun 1, 2011",MEE,Massey Energy Company,removed,
231,"Apr 27, 2011",CMG,Chipotle Mexican Grill,added,
231,"Apr 27, 2011",NOVL,Novell,removed,
232,"Apr 1, 2011",BLK,BlackRock,added,
232,"Apr 1, 2011",GENZ,Genzyme,removed,
233,"Mar 31, 2011",EW,Edwards Lifesciences,added,
233,"Mar 31, 2011",Q,Qwest Communications,removed,
234,"Feb 28, 2011",COV,Covidien,added,
234,"Feb 28, 2011",MFE,McAfee,removed,
235,"Feb 25, 2011",AYE,Allegheny Energy,removed,
235,"Feb 25, 2011",JOY,Joy Global,added,
236,"Dec 17, 2010",CVC,Cablevision,added,
237,"Dec 17, 2010",EK,Eastman Kodak,removed,
237,"Dec 17, 2010",FFIV,F5 Networks,added,
236,"Dec 17, 2010",KG,King Pharmaceuticals,removed,
238,"Dec 17, 2010",NFLX,Netflix,added,
239,"Dec 17, 2010",NFX,Newfield Exploration,added,
239,"Dec 17, 2010",NYT,The New York Times Company,removed,
238,"Dec 17, 2010",ODP,Office Depot,removed,
240,"Nov 17, 2010",IR,Ingersoll-Rand,added,
240,"Nov 17, 2010",PTV,Pactiv,removed,
447,"Nov 17, 2010",TT,Trane Technologies,added,1466258
267,"Aug 27, 2010",JCI,Johnson Controls,added,833444
241,"Aug 26, 2010",SII,Smith International,removed,
241,"Aug 26, 2010",TYC,Tyco International,added,
242,"Jul 14, 2010",CB,Chubb,added,
242,"Jul 14, 2010",MIL,Millipore,removed,
243,"Jun 30, 2010",QEP,QEP Resources,added,
243,"Jun 30, 2010",STR,Questar,removed,
244,"Jun 28, 2010",KMX,CarMax,added,
244,"Jun 28, 2010",XTO,XTO Energy,removed,
245,"Apr 29, 2010",BJS,BJ Services,removed,
245,"Apr 29, 2010",CERN,Cerner,added,
356,"Mar 15, 2010",OKE,Oneok,added,1039684
149,"Mar 1, 2010",DISCA,Discovery (Series A),added,1437107
246,"Feb 26, 2010",HP,Helmerich & Payne,added,
246,"Feb 26, 2010",RX,IMS Health,removed,
64,"Feb 16, 2010",BRK.B,Berkshire Hathaway,added,1067983
347,"Jan 29, 2010",NRG,NRG Energy,added,1013871
406,"Dec 23, 2009",ROP,Roper Technologies,added,882835
247,"Dec 18, 2009",CIEN,Ciena,removed,
249,"Dec 18, 2009",CLF,Cliffs Natural Resources,added,
250,"Dec 18, 2009",CVG,Convergys,removed,
248,"Dec 18, 2009",DYN,Dynegy,removed,
249,"Dec 18, 2009",KBH,KB Home,removed,
251,"Dec 18, 2009",MBI,MBIA Inc.,removed,
248,"Dec 18, 2009",MJN,Mead Johnson Nutrition,added,
251,"Dec 18, 2009",ROST,Ross Stores,added,
250,"Dec 18, 2009",SAI,SAIC,added,
247,"Dec 18, 2009",V,Visa,added,
72,"Nov 6, 2009",BKNG,Booking Holdings,added,1075531
252,"Nov 3, 2009",PCLN,Priceline.com,added,
252,"Nov 3, 2009",SGP,Schering-Plough,removed,
253,"Sep 28, 2009",ARG,Airgas,added,
253,"Sep 28, 2009",CBE,Cooper Industries,removed,
199,"Aug 19, 2009",FMC,FMC Corporation,added,37785
391,"Jul 1, 2009",PWR,Quanta Services,added,1050915
489,"Jul 1, 2009",WDC,Western Digital,added,106040
352,"Mar 27, 2009",ORLY,O'Reilly Automotive,added,898173
254,"Mar 3, 2009",ACAS,American Capital,removed,
254,"Mar 3, 2009",HRL,Hormel Foods,added,
255,"Mar 3, 2009",JNY,Jones Apparel Group,removed,
255,"Mar 3, 2009",VTR,Ventas,added,
487,"Jan 30, 2009",WELL,Welltower,added,766704
261,"Jan 6, 2009",IRM,Iron Mountain,added,1020569
256,"Dec 31, 2008",OI,Owens-Illinois,added,
256,"Dec 31, 2008",WB,Wachovia Bank,removed,
401,"Dec 5, 2008",RSG,Republic Services,added,1060391
496,"Nov 14, 2008",WYNN,Wynn Resorts,added,1174922
143,"Nov 14, 2008",XRAY,Dentsply Sirona,added,818479
368,"Nov 13, 2008",PBCT,People's United Financial,added,1378946
265,"Nov 6, 2008",SJM,JM Smucker,added,91419
485,"Oct 31, 2008",WEC,WEC Energy Group,added,783325
331,"Oct 22, 2008",NDAQ,Nasdaq,added,1120193
37,"Sep 30, 2008",APH,Amphenol Corp,added,820313
375,"Sep 24, 2008",PXD,Pioneer Natural Resources,added,1038357
280,"Sep 22, 2008",LHX,L3Harris Technologies,added,202058
257,"Sep 16, 2008",HRS,Harris Corporation,added,
257,"Sep 16, 2008",LEH,Lehman Brothers,removed,
258,"Sep 12, 2008",CRM,Salesforce,added,
259,"Sep 12, 2008",FAST,Fastenal,added,
259,"Sep 12, 2008",FNM,Fannie Mae,removed,
258,"Sep 12, 2008",FRE,Freddie Mac,removed,
101,"Aug 27, 2008",CF,CF Industries,added,1324404
258,"Aug 21, 2008",IVZ,Invesco,added,914208
140,"Jul 31, 2008",DVA,DaVita,added,927066
306,"Jul 18, 2008",MA,Mastercard,added,1141391
82,"Jun 23, 2008",COG,Cabot Oil & Gas,added,858470
260,"Jun 10, 2008",ABK,Ambac Financial,removed,
260,"Jun 10, 2008",LO,Lorillard Tobacco Company,added,
257,"Jun 2, 2008",ISRG,Intuitive Surgical,added,1035267
227,"Mar 31, 2008",PEAK,Healthpeak Properties,added,765880
372,"Mar 31, 2008",PM,Philip Morris International,added,1413329
261,"Dec 20, 2007",RRC,Range Resources,added,
261,"Dec 20, 2007",TRB,Tribune Media,removed,
262,"Dec 13, 2007",DJ,Dow Jones,removed,
262,"Dec 13, 2007",GME,GameStop,added,
31,"Nov 19, 2007",AMT,American Tower,added,1053507
263,"Oct 26, 2007",AV,Avaya,removed,
263,"Oct 26, 2007",JEC,Jacobs Engineering Group,added,
263,"Oct 26, 2007",J,Jacobs Engineering Group,added,52988
185,"Oct 10, 2007",EXPD,Expeditors,added,746515
264,"Oct 2, 2007",EXPE,Expedia,added,
264,"Oct 2, 2007",SLR,Solectron,removed,
265,"Oct 1, 2007",NCR,NCR Corporation,removed,
265,"Oct 1, 2007",TDC,Teradata,added,
266,"Sep 27, 2007",MXIM,Maxim Integrated Products,removed,
266,"Sep 27, 2007",TSO,Tesoro Corporation,added,
267,"Sep 26, 2007",FDC,First Data,removed,
267,"Sep 26, 2007",ICE,Intercontinental Exchange,added,
316,"Sep 7, 2007",MCHP,Microchip Technology,added,827054
268,"Aug 24, 2007",KSE,KeySpan,removed,
268,"Aug 24, 2007",LUK,Leucadia National,added,
13,"Jul 12, 2007",AKAM,Akamai Technologies,added,1086222
148,"Jul 2, 2007",DFS,Discover Financial Services,added,1393612
50,"Apr 10, 2007",AIZ,Assurant,added,1267238
269,"Mar 30, 2007",KFT,Kraft Foods,added,
269,"Mar 30, 2007",TSG,Sabre Corporation,removed,
237,"Mar 20, 2007",HST,Host Hotels & Resorts,added,1070750
81,"Mar 2, 2007",CHRW,C. H. Robinson,added,1043277
394,"Feb 2, 2007",RL,Ralph Lauren Corporation,added,1037038
270,"Jan 10, 2007",AVB,AvalonBay Communities,added,
270,"Jan 10, 2007",SBL,Symbol Technologies,removed,
120,"Nov 17, 2006",CTSH,Cognizant Technology Solutions,added,1058290
94,"Nov 10, 2006",CBRE,CBRE,added,1138118
193,"Nov 10, 2006",FIS,Fidelity National Information Services,added,1136893
490,"Sep 29, 2006",WU,Western Union,added,1365135
117,"Aug 11, 2006",CME,CME Group,added,1156375
271,"Jun 2, 2006",ABS,Albertsons,removed,
271,"Jun 2, 2006",JNPR,Juniper Networks,added,
275,"Apr 4, 2006",KIM,Kimco Realty,added,879101
74,"Apr 3, 2006",BXP,Boston Properties,added,1037540
22,"Apr 3, 2006",GOOG,Alphabet (Class C),added,1652044
468,"Feb 1, 2006",VRSN,Verisign,added,1014473
178,"Jan 5, 2006",EL,Estée Lauder Companies,added,1001250
272,"Nov 18, 2005",AMZN,Amazon.com,added,
272,"Nov 18, 2005",T,AT&T Corporation,removed,
287,"Oct 4, 2005",LEN,Lennar,added,920760
33,"Oct 3, 2005",AMP,Ameriprise Financial,added,820027
387,"Aug 19, 2005",PSA,Public Storage,added,1393311
454,"Aug 10, 2005",TSN,Tyson Foods,added,100493
273,"Jul 1, 2005",GLK,Great Lakes Chemical,removed,
273,"Jul 1, 2005",STZ,Constellation Brands,added,
137,"Jun 22, 2005",DHI,D. R. Horton,added,882184
281,"Nov 1, 2004",LH,LabCorp,added,920148
444,"Aug 3, 2004",TMO,Thermo Fisher Scientific,added,97745
217,"Jul 1, 2004",GILD,Gilead Sciences,added,882095
474,"Apr 23, 2004",VTRS,Viatris,added,1792044
298,"Feb 23, 2004",MTB,M&T Bank,added,36270
68,"Nov 13, 2003",BIIB,Biogen,added,875045
274,"Sep 25, 2003",ESRX,Express Scripts,added,
274,"Sep 25, 2003",QTRN,Quintiles Transnational,removed,
383,"Jul 17, 2003",PLD,Prologis,added,1045609
345,"Mar 25, 2003",NLOK,NortonLifeLock,added,849399
308,"Mar 20, 2003",MKC,McCormick & Company,added,63754
393,"Dec 12, 2002",DGX,Quest Diagnostics,added,1022079
122,"Nov 19, 2002",CMCSA,Comcast,added,1166691
449,"Aug 21, 2002",TRV,The Travelers Companies,added,86312
40,"Jul 25, 2002",ANTM,Anthem,added,1156039
169,"Jul 22, 2002",EA,Electronic Arts,added,712515
165,"Jul 22, 2002",EBAY,eBay,added,1065088
220,"Jul 22, 2002",GS,Goldman Sachs,added,886982
380,"Jul 22, 2002",PFG,Principal Financial Group,added,1126328
384,"Jul 22, 2002",PRU,Prudential Financial,added,1137774
463,"Jul 22, 2002",UPS,United Parcel Service,added,1090727
418,"Jun 26, 2002",SPG,Simon Property Group,added,1063761
176,"Dec 3, 2001",EQR,Equity Residential,added,906107
349,"Nov 30, 2001",NVDA,Nvidia,added,1045810
34,"Aug 30, 2001",ABC,AmerisourceBergen,added,1140859
502,"Aug 7, 2001",ZBH,Zimmer Biomet,added,1136869
503,"Jun 22, 2001",ZION,Zions Bancorp,added,109380
197,"Apr 2, 2001",FISV,Fiserv,added,798354
111,"Mar 1, 2001",CTAS,Cintas Corporation,added,723254
427,"Dec 12, 2000",SYK,Stryker Corporation,added,310764
278,"Dec 5, 2000",ABK,Ambac Financial,added,
277,"Dec 5, 2000",AYE,Allegheny Energy,added,
275,"Dec 5, 2000",BS,Bethlehem Steel,removed,
278,"Dec 5, 2000",CCK,Crown Holdings,removed,
277,"Dec 5, 2000",GRA,WR Grace,removed,
275,"Dec 5, 2000",INTU,Intuit,added,
276,"Dec 5, 2000",OI,Owens-Illinois,removed,
276,"Dec 5, 2000",SBL,Symbol Technologies,added,
403,"Dec 5, 2000",RHI,Robert Half International,added,315213
173,"Nov 2, 2000",EOG,EOG Resources,added,821189
144,"Aug 30, 2000",DVN,Devon Energy,added,1090012
279,"Jul 27, 2000",JDSU,JDS Uniphase,added,
279,"Jul 27, 2000",RAD,RiteAid,removed,
11,"Jun 5, 2000",A,Agilent Technologies,added,1090872
280,"Dec 7, 1999",LDW,Laidlaw,removed,
280,"Dec 7, 1999",YHOO,Yahoo!,added,
115,"Dec 1, 1999",CTXS,Citrix Systems,added,877890
498,"Nov 8, 1999",XLNX,Xilinx,added,743988
285,"Oct 14, 1999",LEG,Leggett & Platt,added,58492
38,"Oct 12, 1999",ADI,Analog Devices,added,6281
477,"Jun 30, 1999",VMC,Vulcan Materials,added,1396009
65,"Jun 29, 1999",BBY,Best Buy,added,764478
332,"Jun 25, 1999",NTAP,NetApp,added,1002047
10,"May 28, 1999",AFL,Aflac,added,4977
118,"May 3, 1999",CMS,CMS Energy,added,811156
296,"Mar 25, 1999",LUMN,Lumen Technologies,added,18926
89,"Dec 22, 1998",CCL,Carnival Corporation,added,815097
9,"Oct 2, 1998",AES,AES Corp,added,874761
400,"Aug 28, 1998",RF,Regions Financial Corporation,added,1281761
86,"Jul 1, 1998",COF,Capital One Financial,added,927628
110,"Dec 18, 1997",CINF,Cincinnati Financial,added,20286
451,"Dec 4, 1997",TFC,Truist Financial,added,92230
500,"Oct 6, 1997",YUM,Yum! Brands,added,1041061
382,"Aug 4, 1997",PGR,Progressive Corporation,added,80661
43,"Jul 28, 1997",APA,APA Corporation,added,6769
174,"Jun 19, 1997",EFX,Equifax,added,33185
103,"Jun 2, 1997",SCHW,Charles Schwab Corporation,added,316709
87,"May 27, 1997",CAH,Cardinal Health,added,721371
6,"May 5, 1997",ADBE,Adobe,added,796343
55,"Jan 2, 1997",AZO,AutoZone,added,866787
41,"Apr 23, 1996",AON,Aon,added,315293
123,"Dec 1, 1995",CMA,Comerica,added,28412
20,"Jul 13, 1995",ALL,Allstate Corp,added,899051
70,"Mar 31, 1995",BK,BNY Mellon,added,1390777
45,"Mar 16, 1995",AMAT,Applied Materials,added,6951
75,"Feb 24, 1995",BSX,Boston Scientific,added,885725
317,"Sep 27, 1994",MU,Micron Technology,added,723125
422,"Jul 1, 1994",LUV,Southwest Airlines,added,92380
462,"Jul 1, 1994",UNH,UnitedHealth Group,added,731766
318,"Jun 1, 1994",MSFT,Microsoft,added,789019
272,"Mar 1, 1994",KEY,KeyCorp,added,91576
163,"Jan 1, 1994",EMN,Eastman Chemical,added,915389
112,"Dec 1, 1993",CSCO,Cisco Systems,added,858877
132,"Oct 1, 1993",COST,Costco,added,909832
254,"Oct 1, 1992",IPG,Interpublic Group,added,51644
290,"Jul 1, 1992",LIN,Linde,added,1707925
36,"Jan 2, 1992",AMGN,Amgen,added,318154
26,"Sep 19, 1991",AEE,Ameren Corp,added,1002910
299,"May 1, 1991",MRO,Marathon Oil,added,101778
53,"Dec 1, 1989",ADSK,Autodesk,added,769397
271,"Sep 11, 1989",K,Kellogg's,added,55067
357,"Aug 31, 1989",ORCL,Oracle,added,1341439
218,"Apr 30, 1989",GL,Globe Life,added,320335
334,"Apr 30, 1989",NWL,Newell Brands,added,814453
166,"Jan 31, 1989",ECL,Ecolab,added,31462
340,"Nov 30, 1988",NKE,Nike,added,320187
113,"May 31, 1988",C,Citigroup,added,831001
376,"Apr 30, 1988",PNC,PNC Financial Services,added,713676
234,"Mar 31, 1988",HD,Home Depot,added,354950
57,"Dec 31, 1987",AVY,Avery Dennison,added,8818
303,"Aug 31, 1987",MMC,Marsh & McLennan,added,62709
431,"Dec 31, 1986",SYY,Sysco,added,96021
311,"Oct 31, 1986",MDT,Medtronic,added,1613103
208,"Aug 31, 1986",GPS,Gap,added,39911
246,"Feb 28, 1986",ITW,Illinois Tool Works,added,49826
362,"Nov 30, 1985",PH,Parker-Hannifin,added,76334
156,"Oct 31, 1985",DOV,Dover Corporation,added,29905
445,"Sep 30, 1985",TJX,TJX Companies,added,109198
98,"Jul 31, 1985",CNP,CenterPoint Energy,added,1130310
344,"Jun 30, 1985",NOC,Northrop Grumman,added,1133421
370,"May 31, 1985",PKI,PerkinElmer,added,31791
12,"Apr 30, 1985",APD,Air Products & Chemicals,added,2969
348,"Apr 30, 1985",NUE,Nucor,added,73309
59,"Oct 31, 1984",BLL,Ball Corp,added,9389
225,"Sep 30, 1984",HAS,Hasbro,added,46080
293,"Jul 31, 1984",LMT,Lockheed Martin,added,936468
230,"May 31, 1984",HES,Hess Corporation,added,4447
388,"Apr 30, 1984",PHM,PulteGroup,added,822416
295,"Feb 29, 1984",LOW,Lowe's,added,60667
470,"Nov 30, 1983",VZ,Verizon Communications,added,732712
61,"Sep 30, 1983",BBWI,"Bath & Body Works, Inc.",added,701985
124,"Aug 31, 1983",CAG,Conagra Brands,added,23217
353,"Dec 31, 1982",OXY,Occidental Petroleum,added,797468
44,"Nov 30, 1982",AAPL,Apple,added,320193
80,"Oct 31, 1982",BF.B,Brown–Forman,added,14693
420,"Sep 30, 1982",SNA,Snap-on,added,91440
423,"Sep 30, 1982",SWK,Stanley Black & Decker,added,93556
480,"Aug 31, 1982",WMT,Walmart,added,104169
47,"Jul 29, 1981",ADM,ADM,added,7084
221,"Jun 30, 1981",GWW,W. W. Grainger,added,277135
305,"Jun 30, 1981",MAS,Masco,added,62996
54,"Mar 31, 1981",ADP,Automatic Data Processing,added,8670
192,"Dec 31, 1980",FDX,FedEx,added,1048911
360,"Dec 31, 1980",PCAR,Paccar,added,75362
30,"Mar 31, 1980",AIG,American International Group,added,5272
481,"Dec 31, 1979",WBA,Walgreens Boots Alliance,added,1618921
472,"Jun 30, 1979",VFC,VF Corporation,added,103379
443,"Dec 31, 1978",TXT,Textron,added,217346
250,"Dec 31, 1976",INTC,Intel,added,50863
436,"Dec 31, 1976",TGT,Target Corporation,added,27419
0,"Aug 9, 1976",MMM,3M,added,66740
29,"Jun 30, 1976",AXP,American Express,added,4962
60,"Jun 30, 1976",BAC,Bank of America,added,70858
109,"Jun 30, 1976",CI,Cigna,added,1739940
482,"Jun 30, 1976",DIS,The Walt Disney Company,added,1744489
159,"Jun 30, 1976",DUK,Duke Energy,added,1326160
289,"Jun 30, 1976",LNC,Lincoln National,added,59558
338,"Jun 30, 1976",NEE,NextEra Energy,added,753308
322,"Jun 30, 1976",TAP,Molson Coors Beverage Company,added,24545
486,"Jun 30, 1976",WFC,Wells Fargo,added,72971
255,"Mar 31, 1976",IFF,International Flavors & Fragrances,added,51253
268,"Jun 30, 1975",JPM,JPMorgan Chase,added,19617
494,"Mar 31, 1975",WMB,Williams Companies,added,107263
239,"Dec 31, 1974",HPQ,HP,added,47217
216,"Dec 31, 1973",GPC,Genuine Parts,added,40987
266,"Jun 30, 1973",JNJ,Johnson & Johnson,added,200406
62,"Sep 30, 1972",BAX,Baxter International,added,10456
63,"Sep 30, 1972",BDX,Becton Dickinson,added,10795
288,"Dec 31, 1970",LLY,Eli Lilly & Co,added,59478
309,"Jun 30, 1970",MCD,McDonald's,added,63908
335,"Jun 30, 1969",NEM,Newmont,added,1164727
116,"Mar 31, 1969",CLX,Clorox,added,21076
214,"Mar 31, 1969",GIS,General Mills,added,40704
134,"Sep 30, 1967",CSX,CSX,added,277948
135,"Mar 31, 1965",CMI,Cummins,added,26172
170,"Mar 31, 1965",EMR,Emerson Electric Company,added,32604
412,"Mar 31, 1965",SLB,Schlumberger,added,87347
417,"Jun 30, 1964",SHW,Sherwin-Williams,added,89800
1,"Mar 31, 1964",ABT,Abbott Laboratories,added,1800
235,"Mar 31, 1964",HON,Honeywell,added,773840
28,"Mar 4, 1957",AEP,American Electric Power,added,4904
71,"Mar 4, 1957",BA,Boeing,added,12927
76,"Mar 4, 1957",BMY,Bristol Myers Squibb,added,14272
92,"Mar 4, 1957",CAT,Caterpillar,added,18230
121,"Mar 4, 1957",CL,Colgate-Palmolive,added,21665
125,"Mar 4, 1957",COP,ConocoPhillips,added,1163165
85,"Mar 4, 1957",CPB,Campbell Soup,added,16732
136,"Mar 4, 1957",CVS,CVS Health,added,64803
105,"Mar 4, 1957",CVX,Chevron Corporation,added,93410
141,"Mar 4, 1957",DE,Deere & Co.,added,315189
158,"Mar 4, 1957",DTE,DTE Energy,added,936340
167,"Mar 4, 1957",EIX,Edison International,added,827052
172,"Mar 4, 1957",ETR,Entergy,added,65984
183,"Mar 4, 1957",EXC,Exelon,added,1109357
200,"Mar 4, 1957",F,Ford,added,37996
212,"Mar 4, 1957",GD,General Dynamics,added,40533
222,"Mar 4, 1957",HAL,Halliburton,added,45012
224,"Mar 4, 1957",HIG,The Hartford,added,874766
229,"Mar 4, 1957",HSY,The Hershey Company,added,47111
252,"Mar 4, 1957",IBM,IBM,added,51143
253,"Mar 4, 1957",IP,International Paper,added,51434
274,"Mar 4, 1957",KMB,Kimberly-Clark,added,55785
119,"Mar 4, 1957",KO,Coca-Cola Company,added,21344
279,"Mar 4, 1957",KR,Kroger,added,56873
23,"Mar 4, 1957",MO,Altria Group,added,764180
312,"Mar 4, 1957",MRK,Merck & Co.,added,310158
342,"Mar 4, 1957",NSC,Norfolk Southern,added,702165
386,"Mar 4, 1957",PEG,Public Service Enterprise Group,added,788784
369,"Mar 4, 1957",PEP,PepsiCo,added,77476
371,"Mar 4, 1957",PFE,Pfizer,added,78003
381,"Mar 4, 1957",PG,Procter & Gamble,added,80424
378,"Mar 4, 1957",PPG,PPG Industries,added,79879
414,"Mar 4, 1957",SEE,Sealed Air,added,1012100
421,"Mar 4, 1957",SO,Southern Company,added,92122
460,"Mar 4, 1957",UNP,Union Pacific,added,100885
497,"Mar 4, 1957",XEL,Xcel Energy,added,72903
187,"Mar 4, 1957",XOM,ExxonMobil,added,34088
206,"Jan 1, 1900",BEN,Franklin Resources,added,38777
154,"Jan 1, 1900",D,Dominion Energy,added,715957
138,"Jan 1, 1900",DHR,Danaher Corporation,added,313616
139,"Jan 1, 1900",DRI,Darden Restaurants,added,940944
126,"Jan 1, 1900",ED,Consolidated Edison,added,1047862
181,"Jan 1, 1900",ES,Eversource Energy,added,72741
164,"Jan 1, 1900",ETN,Eaton Corporation,added,1551182
207,"Jan 1, 1900",FCX,Freeport-McMoRan,added,831259
195,"Jan 1, 1900",FE,FirstEnergy,added,1031296
194,"Jan 1, 1900",FITB,Fifth Third Bancorp,added,35527
213,"Jan 1, 1900",GE,General Electric,added,40545
130,"Jan 1, 1900",GLW,Corning,added,24741
241,"Jan 1, 1900",HBAN,Huntington Bancshares,added,49196
240,"Jan 1, 1900",HUM,Humana,added,49071
277,"Jan 1, 1900",KLAC,KLA Corporation,added,319201
294,"Jan 1, 1900",L,Loews Corporation,added,60086
302,"Jan 1, 1900",MAR,Marriott International,added,1048286
310,"Jan 1, 1900",MCK,McKesson Corporation,added,927653
326,"Jan 1, 1900",MCO,Moody's Corporation,added,1059556
313,"Jan 1, 1900",MET,MetLife,added,1099219
327,"Jan 1, 1900",MS,Morgan Stanley,added,895421
329,"Jan 1, 1900",MSI,Motorola Solutions,added,68505
341,"Jan 1, 1900",NI,NiSource,added,1111711
343,"Jan 1, 1900",NTRS,Northern Trust,added,73124
355,"Jan 1, 1900",OMC,Omnicom Group,added,29989
363,"Jan 1, 1900",PAYX,Paychex,added,723531
374,"Jan 1, 1900",PNW,Pinnacle West Capital,added,764622
379,"Jan 1, 1900",PPL,PPL,added,922224
392,"Jan 1, 1900",QCOM,Qualcomm,added,804328
404,"Jan 1, 1900",ROK,Rockwell Automation,added,1024478
396,"Jan 1, 1900",RTX,Raytheon Technologies,added,101829
424,"Jan 1, 1900",SBUX,Starbucks,added,829224
409,"Jan 1, 1900",SPGI,S&P Global,added,64040
415,"Jan 1, 1900",SRE,Sempra Energy,added,1032208
425,"Jan 1, 1900",STT,State Street Corporation,added,93751
435,"Jan 1, 1900",TPR,Tapestry,added,1116132
433,"Jan 1, 1900",TROW,T. Rowe Price,added,1113169
442,"Jan 1, 1900",TXN,Texas Instruments,added,97476
457,"Jan 1, 1900",USB,U.S. Bancorp,added,36104
473,"Jan 1, 1900",VIAC,ViacomCBS,added,813828
466,"Jan 1, 1900",VLO,Valero Energy,added,1035002
476,"Jan 1, 1900",VNO,Vornado Realty Trust,added,899689
484,"Jan 1, 1900",WAT,Waters Corporation,added,1000697
493,"Jan 1, 1900",WHR,Whirlpool Corporation,added,106640
483,"Jan 1, 1900",WM,Waste Management,added,823768
491,"Jan 1, 1900",WRK,WestRock,added,1732845
492,"Jan 1, 1900",WY,Weyerhaeuser,added,106535